phase,noise_scale,distance_cm,pv_sigma_theta,pv_delta_trial,pv_valid_fraction
before,0.0000,0.8000,1.71873636,0.07617694,0.89000000
after,0.0000,0.8000,1.65392562,0.11843670,1.00000000
