phase,noise_scale,distance_cm,pv_sigma_theta,pv_delta_trial,pv_valid_fraction
before,0.0000,0.8000,1.80637263,0.18011876,0.83250000
after,0.0000,0.8000,1.83518172,0.30540179,1.00000000
